zip,price,rent,ROI,median_income,annual_mortgage_interest_cost,cash_flow,ROI_after_interest,z_roi_ai,z_income,z_price,investment_score,state
46307,344780.2107393809,1717.2777777777776,0.0597694783269054,107800,22410.71369805976,-1803.3803647264283,-0.0052305216730945,-0.5731356539471922,1.357965461080227,0.974577085889327,-0.0740936058273934,Indiana
47906,352889.50885607937,1887.579087579088,0.0641870854261833,53103,22937.81807564516,-286.8690246961087,-0.0008129145738166,-0.4048111203792424,-0.757258930677714,1.0548939319311514,-0.6405620257791658,Indiana
46227,221105.2963760664,1266.4757834757836,0.0687351666866469,53629,14371.844264444317,825.8651372650857,0.0037351666866469,-0.2315151165490662,-0.7369176317021819,-0.2503352201091434,-0.286765803763359,Indiana
46143,326074.8644,1601.971499895985,0.0589547373856143,91496,21194.866186000003,-1971.208187248183,-0.0060452626143856,-0.6041798110755968,0.7274625361808454,0.7893138978206271,-0.2417139242476702,Indiana
46032,556863.3326200767,1691.8699294532628,0.036458567056148,132085,36196.11662030499,-15893.677466865833,-0.0285414329438519,-1.46135368205918,2.2971069926786982,3.075109980725896,-0.65656673937116,Indiana
47150,225996.41487165025,1146.8690476190477,0.0608966676716736,62820,14689.766966657267,-927.3383952286948,-0.0041033323283263,-0.5301862434548282,-0.381486303025157,-0.2018921606077047,-0.3391605805134202,Indiana
46060,345808.32394155074,1823.9798920377868,0.0632944819111785,91918,22477.5410562008,-589.7823517473589,-0.0017055180888214,-0.4388220830899966,0.7437819813665384,0.9847598179314756,-0.1932284107213319,Indiana
47130,245991.22876090268,1390.1395604395602,0.0678141038170466,70290,15989.429869458674,692.2448558160486,0.0028141038170466,-0.2666104689486888,-0.0926089202357568,-0.0038577110576071,-0.16031636833355,Indiana
47201,261524.8733031269,1319.678354978355,0.0605530940890084,83958,16999.11676470325,-1162.9765049629896,-0.0044469059109915,-0.5432774626938237,0.4359554797596274,0.1499920203509836,-0.1708504914892203,Indiana
47374,149368.73815925288,831.9444444444445,0.0668368325016535,50766,9708.967980351435,274.36535298189665,0.0018368325016535,-0.3038475374873929,-0.847634625935924,-0.9608349475770414,-0.2140471670090653,Indiana
46226,155784.4820673672,1205.846153846154,0.0928857204140294,50325,10125.991334378868,4344.162511774979,0.0278857204140294,0.6886958936681796,-0.8646888328716837,-0.8972915547585291,0.2643996079242905,Indiana
46360,219566.5521105996,1144.3055555555554,0.0625398838514792,59266,14271.825887188974,-540.1592205223096,-0.0024601161485207,-0.4675746098710498,-0.5189254219586948,-0.2655753906502598,-0.3363498533930814,Indiana
46123,342905.7604052148,1754.9666666666665,0.0614151245960805,103485,22288.874426338964,-1229.274426338965,-0.0035848754039194,-0.5104314264204833,1.191097200472963,0.956011984849046,-0.089088950038162,Indiana
47905,282414.59655896766,1156.564935064935,0.0491432786756875,65861,18356.948776332894,-4478.169555553677,-0.0158567213243124,-0.9780268223318938,-0.2638857513434213,0.3568899124312869,-0.6395571190552306,Indiana
46385,358640.520545752,1666.111111111111,0.0557475583152427,98957,23311.633835473884,-3318.3005021405515,-0.0092524416847572,-0.7263832820853751,1.0159918739307403,1.1118536236106364,-0.2807648035855927,Indiana
46514,235155.33019136792,1323.0555555555557,0.067515657220044,65833,15285.096462438914,591.5702042277535,0.002515657220044,-0.2779822100534188,-0.2649685581329933,-0.1111796006477851,-0.1962457523370503,Indiana
46038,369019.50114938646,1765.175213675214,0.0574010384224318,106886,23986.26757471012,-2804.1650106075504,-0.0075989615775681,-0.6633805610303529,1.3226195537349108,1.2146500648336624,-0.1778344273614357,Indiana
47909,268946.42930118466,1521.8645502645502,0.0679033912092699,68035,17481.517904577002,780.8566985975995,0.0029033912092699,-0.2632083423421956,-0.1798135384673629,0.2234972685128881,-0.2302476864138843,Indiana
46140,286286.52507929155,1560.3180523180524,0.0654023678642603,83056,18608.624130153952,115.19249766267605,0.0004023678642603,-0.3585050897736518,0.401073632466985,0.3952386181240075,-0.1379781787715319,Indiana
46037,458949.53961098514,1901.710317460317,0.0497233831607434,141810,29831.720074714038,-7011.196265190229,-0.0152766168392565,-0.955923042010718,2.6731889936997044,2.105343309762268,-0.0970734848479012,Indiana
46254,215262.45945215583,1264.6910413288122,0.0705013430329166,60287,13992.05986439013,1184.2326315556147,0.0055013430329166,-0.1642183192098042,-0.4794416458103712,-0.3082043756034873,-0.164300778227316,Indiana
46237,253069.18825090528,1826.506349206349,0.0866090271279707,79078,16449.497236308845,5468.57895416734,0.0216090271279707,0.449534409638145,0.2472377250056418,0.0662444573998837,0.2856896308407883,Indiana
46203,160455.84997095904,1378.555128205128,0.1030979022669201,57393,10429.630248112338,6113.031290349198,0.0380979022669201,1.077811699684497,-0.5913574618468537,-0.8510249690049575,0.5317036050891839,Indiana
46033,561079.4008493563,2153.1388888888887,0.0460499291678751,153143,36470.16105520816,-10632.494388541498,-0.0189500708321248,-1.095893033917413,3.1114550417789912,3.1168671461426656,-0.2378834336535424,Indiana
46224,195215.39438396532,1171.8722222222225,0.0720356440691735,55986,12689.000634957749,1373.466031708922,0.0070356440691735,-0.1057566904418256,-0.6457685030228492,-0.5067563360199852,-0.1452576289237705,Indiana
46383,333113.3570053631,1375.6136363636365,0.0495547935536486,76224,21652.3682053486,-5145.004568984961,-0.0154452064463513,-0.9623468289933278,0.1368687758114051,0.8590251747790355,-0.6119178167090495,Indiana
46112,351312.2507580428,1851.7428571428568,0.0632511796493494,112565,22835.29629927278,-614.3820135585011,-0.0017488203506505,-0.4404720335860463,1.5422359736627558,1.039272309195718,0.0345803134666599,Indiana
47401,338359.01104581583,1637.330864197531,0.0580684117430226,66906,21993.33571797803,-2345.365347607658,-0.0069315882569773,-0.6379515673739238,-0.2234738550897501,0.910979657385632,-0.5682138716910133,Indiana
46217,251824.1544590107,1564.1666666666667,0.0745361382839674,92029,16368.570039835697,2401.429960164305,0.0095361382839674,-0.0104801045129088,0.7480745368537705,0.0539132807750467,0.2083996526446673,Indiana
46074,490044.66310766496,1917.106267806268,0.0469452622293345,126724,31852.903101998225,-8847.627888323008,-0.0180547377706654,-1.0617780670198924,2.0897881641467078,2.4133184526900684,-0.3866162748039478,Indiana
46410,232978.00558658424,1504.2539682539682,0.077479621192564,64127,15143.570363127976,2907.477255919642,0.012479621192564,0.1016757247675506,-0.330942428954776,-0.132744456514335,-0.0218959749997904,Indiana
46901,156489.56039372945,988.6111111,0.0758091038363947,60495,10171.821425592414,1691.5119076075862,0.0108091038363947,0.0380238316781153,-0.4713979382306932,-0.8903082540374404,0.0556541851773377,Indiana
46368,261641.5290964541,1441.0277777777776,0.0660916995595088,76368,17006.699391269518,285.6339420638142,0.0010916995595088,-0.3322394139295351,0.1424374964434899,0.1511474132416771,-0.153617940680056,Indiana
46222,125041.15140995895,1119.0017094017094,0.1073888104948386,50783,8127.674841647332,5300.345671173181,0.0423888104948386,1.241308613243273,-0.8469772075279695,-1.2017824391347531,0.6069176321901962,Indiana
46219,179692.14701350208,1032.8238095238096,0.068972884571046,60803,11679.989555877635,713.8961584080807,0.003972884571046,-0.2224573277704358,-0.4594870635454006,-0.6605030908168426,-0.1169741647854696,Indiana
46835,250704.3399,1113.857142857143,0.0533149355117554,77152,16295.7820935,-2929.496379214286,-0.0116850644882445,-0.8190737567114905,0.1727560865515073,0.0428223118357924,-0.3662745147574516,Indiana
46131,272754.2577344928,1664.177777777778,0.0732165778059929,85076,17729.026752742033,2241.106580591302,0.0082165778059929,-0.0607594519012439,0.4791904080003971,0.2612111083089528,0.0611351747877065,Indiana
46220,329930.9727,1456.0944444444442,0.0529599667177089,108050,21445.5132255,-3972.379892166668,-0.012040033282291,-0.8325991688512037,1.367633378844263,0.8275059154520853,-0.17151075386274,Indiana
47630,310081.0740474381,1337.611111111111,0.0517649565767361,94162,20155.26981308348,-4103.936479750144,-0.0132350434232638,-0.8781327620539803,0.8305612112165269,0.630906748535194,-0.3160793673690709,Indiana
46142,308929.7801270246,1385.035052910053,0.053799995028277,89001,20080.4357082566,-3460.015073335966,-0.0112000049717229,-0.8005914845138258,0.6309767168957646,0.6195039988490862,-0.3349035269580007,Indiana
46902,193156.6229,1052.0555555555557,0.0653597400758173,62126,12555.1804885,69.48617816666774,0.0003597400758173,-0.3601293407415294,-0.4083244427381213,-0.5271470073127882,-0.1971326017296434,Indiana
46260,296967.2338,1268.4448603683898,0.0512559521454541,72504,19302.870197,-4081.531872579322,-0.0137440478545459,-0.8975274097793456,-0.0069898405174527,0.5010234623354034,-0.5510653495119893,Indiana
46062,425501.5876973135,1702.1809523809525,0.0480049241158222,120100,27657.60320032538,-7231.431771753949,-0.0169950758841777,-1.0214016621531163,1.8336270150708052,1.7740650701902292,-0.3154257405933625,Indiana
46168,321735.29887385364,1651.2771672771676,0.0615889088846767,90000,20912.794426800487,-1097.4684194744768,-0.0034110911153232,-0.5038097059591549,0.6696097162808531,0.7463335792731804,-0.2002886539499576,Indiana
47714,135265.83114694417,1001.9285714285714,0.0888852916896779,55910,8792.279024551372,3230.8638325914853,0.0238852916896779,0.536267150240915,-0.6487075500231162,-1.1005142385525868,0.29362415782404,Indiana
47802,187036.3223409797,1105.5,0.0709273997369088,57395,12157.36095216368,1108.6390478363192,0.0059273997369088,-0.1479842371918017,-0.5912801185047414,-0.5877642433120801,-0.1338233054849072,Indiana
47304,202567.14672713904,1235.2222222222224,0.0731740902024602,63215,13166.86453726404,1655.8021294026294,0.0081740902024602,-0.0623783613891945,-0.3662109929579799,-0.4339424435490172,-0.0542639898721877,Indiana
46239,287337.7382916189,2019.4555555555555,0.0843379181960155,100331,18676.95298895523,5556.513677711439,0.0193379181960155,0.3629981145213031,1.0691267499618828,0.405650139382274,0.4211070543727616,Indiana
46241,150353.82754814983,1240.5555555555557,0.0990108925687263,53653,9772.99879062974,5113.667876036929,0.0340108925687263,0.9220839525861604,-0.7359895115968345,-0.9510783358892122,0.4304607899918723,Indiana
46544,193964.1136603385,1140.0317460317465,0.0705304743966064,58829,12607.667387922003,1072.7135644589544,0.0055304743966063,-0.1631083238899216,-0.53582494221023,-0.5191493840727747,-0.1384717677934749,Indiana
46526,253379.7644516911,1189.611111111111,0.0563396740233967,67461,16469.68468935992,-2194.351356026589,-0.0086603259766032,-0.703821836906248,-0.2020110776535899,0.0693204943816052,-0.426378340625522,Indiana
47403,267531.27771244064,1369.35,0.0614216032626374,70582,17389.53305130864,-957.333051308644,-0.0035783967373625,-0.5101845691283284,-0.0813167922873626,0.2094811957722708,-0.3213835614048271,Indiana
46342,229183.3778034481,1316.388888888889,0.0689258829242589,75521,14896.919557224126,899.7471094425418,0.0039258829242589,-0.2242482363086033,0.1096825910589355,-0.1703275532334698,-0.045153830189927,Indiana
46077,654654.8027276284,1720.5842352092352,0.0315387754530857,177679,42552.56217729585,-21905.551354785024,-0.0334612245469142,-1.6488130029599346,4.060303162812555,4.043665130111578,-0.4150485786585166,Indiana
46235,211229.93571782843,1605.2692307692307,0.0911955528640768,58951,13729.945821658848,5533.284947571921,0.0261955528640768,0.624295267242176,-0.5311069983413804,-0.3481436629831253,0.2224442667152989,Indiana
46530,396110.56295993685,1754.4166666666667,0.0531493021611981,122129,25747.186592395898,-4694.186592395898,-0.0118506978388018,-0.8253849011499365,1.9120918356437229,1.4829678167815203,-0.1356584632381554,Indiana
46516,175685.1513362351,1006.6666666666666,0.0687593681544588,56492,11419.534836855282,660.4651631447177,0.0037593681544588,-0.2305929655542992,-0.62620063746844,-0.7001895408979667,-0.1631187658380882,Indiana
47711,179012.1752255617,892.6851851851852,0.0598407466348277,66320,11635.79138966151,-923.5691674392874,-0.0051592533651722,-0.5704201103464156,-0.2461354543286509,-0.6672377290825556,-0.2256031456552919,Indiana
46236,318905.2488,1778.3333333333333,0.0669164276232508,115664,20728.841172,611.1588279999996,0.0019164276232508,-0.3008147164564473,1.662079482265748,0.718303940603922,0.2045556983307162,Indiana
46201,145659.10404767815,1177.2378917378917,0.0969857311234771,49195,9467.84176309908,4659.012937755619,0.0319857311234771,0.8449190196234525,-0.9083878211651272,-0.9975762422641024,0.3494584119150087,Indiana
47362,160235.9052,857.0833333333334,0.0641866127767224,60258,10415.333838,-130.33383800000047,-0.0008133872232775,-0.4048291297898275,-0.4805631242709994,-0.8532033659577647,-0.1759428289846606,Indiana
46218,109077.34977750726,1080.2962962962963,0.1188473645720053,38063,7090.027735537972,5873.527820017583,0.0538473645720053,1.677915067157543,-1.3388808633621287,-1.359892571418046,0.7092717888537421,Indiana
46205,245601.2683489474,1263.8374514374514,0.0617506966442114,72417,15964.082442681582,-798.0330254321652,-0.0032493033557885,-0.4976450904674034,-0.0103542758993373,-0.0077199923449265,-0.2503848295345176,Indiana
46947,150458.57311168188,1049.5,0.0837041036581662,54791,9779.807252259325,2814.192747740677,0.0187041036581662,0.3388478145841473,-0.691981149934942,-0.9500409053768916,0.1518377433869694,Indiana
46176,217274.02932085472,1266.5,0.0699485347950015,65182,14122.811905855557,1075.1880941444433,0.0049485347950015,-0.1852820278440059,-0.2901438159905434,-0.2882812028304977,-0.1220279181530664,Indiana
46845,374851.5806849624,1635.888888888889,0.0523691713685607,112676,24365.352744522555,-4734.686077855888,-0.0126308286314392,-0.8551103042565544,1.546528529149988,1.2724126760266068,-0.2180791285886022,Indiana
46229,212059.4126005032,1589.3055555555557,0.0899354875729831,61388,13783.861819032709,5287.804847633961,0.0249354875729831,0.5762828710236059,-0.4368641359775561,-0.3399282827957997,0.225067851277696,Indiana
46825,246518.24525672305,1314.607142857143,0.0639923657490641,70544,16023.685941687,-248.40022740128552,-0.0010076342509358,-0.4122305440833,-0.0827863157874961,0.0013620135285619,-0.2312235694836112,Indiana
46545,201469.12115826097,1283.3333333333333,0.0764385128175685,56865,13095.492875286964,2304.5071247130363,0.0114385128175685,0.0620062662402287,-0.611776104164498,-0.4448176079956132,-0.0635661765301124,Indiana
46628,164038.16127432414,1268.138888888889,0.092769063908354,61759,10662.48048283107,4555.186183835598,0.027769063908354,0.6842509189422293,-0.4225169460157264,-0.8155447164250459,0.3784793189514059,Indiana
47933,217382.26034522871,923.8690476190476,0.0509996931388146,68130,14129.846922439869,-3043.418351011296,-0.0140003068611853,-0.907291672828504,-0.1761397297170292,-0.2872092513007229,-0.4490459050692161,Indiana
47715,228882.15550242984,1433.5,0.0751565798663469,60897,14877.34010765794,2324.659892342059,0.0101565798663468,0.0131606443389418,-0.455851926466123,-0.173310946472575,-0.0955130664758509,Indiana
46221,204251.23823721203,1594.952380952381,0.0937053245630782,65280,13276.330485418785,5863.09808600979,0.0287053245630782,0.7199253540974593,-0.2863539922270413,-0.417262711642707,0.3575090217091587,Indiana
46304,320759.9718,1425.0,0.0533108913311109,91326,20849.398167,-3749.398167,-0.011689108668889,-0.8192278525387914,0.7208883521013009,0.736673656391591,-0.3406821519173236,Indiana
47303,135469.47044998468,1087.2954545454547,0.0963135488107086,47674,8805.515579249004,4242.029875296452,0.0313135488107086,0.8193067884479192,-0.967207432841523,-1.0984973356942875,0.3391906315103602,Indiana
46312,125425.15747158664,1039.4444444444446,0.0994484167672581,42125,8152.635235653132,4320.698097680203,0.0344484167672581,0.9387549817174304,-1.1817965355320694,-1.1979791314640968,0.3544343564919138,Indiana
46268,246285.2565336677,1531.584656084656,0.0746249131259037,68631,16008.541674688402,2370.4741983274707,0.0096249131259037,-0.0070975076622432,-0.1567652225179007,-0.0009455745178786,-0.0503892056829161,Indiana
46528,294148.4820909826,1200.0,0.0489548676152813,81529,19119.65133591387,-4719.65133591387,-0.0160451323847186,-0.9852058681703316,0.3420219907642522,0.4731057259560865,-0.4846174820471074,Indiana
46234,273135.78600447054,2022.111111111111,0.0888398173241794,83190,17753.826090290586,6511.507243042746,0.0238398173241794,0.5345344358573555,0.4062556363885084,0.2649898752107767,0.3361459338030749,Indiana
47712,197192.84215017,989.4444444444443,0.060211786613894,68494,12817.534739761051,-944.2014064277192,-0.0047882133861059,-0.5562823362058379,-0.1620632414525925,-0.4871711184699032,-0.2293259168447161,Indiana
46725,270272.1549276072,1035.0,0.0459536795543244,79526,17567.69007029447,-5147.6900702944695,-0.0190463204456755,-1.0995604427527654,0.2645626336387946,0.2366276405252112,-0.5177369593897866,Indiana
47203,280046.6385950242,1624.5,0.0696098339112375,72112,18203.031508676573,1290.9684913234269,0.0046098339112375,-0.198187582140121,-0.0221491355714614,0.3334369683556544,-0.1724259254126298,Indiana
47404,302202.1246865205,1534.8333333333333,0.0609459646225363,61389,19643.13810462383,-1225.1381046238312,-0.0040540353774636,-0.5283078767115197,-0.4368254643064999,0.5528713435364456,-0.505775846354999,Indiana
47302,95907.63144383764,915.4888888888888,0.1145463244298745,47837,6233.996043849447,4751.870622817218,0.0495463244298745,1.5140320962388425,-0.9609039504593716,-1.490329290428467,0.7668107210673032,Indiana
46214,224993.70841397007,1248.6547008547006,0.0665967795983314,59178,14624.591046908055,359.2653633483533,0.0015967795983314,-0.3129942977300454,-0.5223285290116356,-0.2118232568663079,-0.2708310561952518,Indiana
46806,109733.57598715612,923.2222222222222,0.1009596795420517,47895,7132.682439165148,3945.984227501518,0.0359596795420517,0.9963387812606976,-0.9586609935381152,-1.353393116262926,0.4812497158214995,Indiana
46041,202558.89931524493,895.8333333333333,0.0530709834835231,63157,13166.32845549092,-2416.3284554909205,-0.0119290165164768,-0.8283690857080099,-0.3684539498792362,-0.4340241283140623,-0.4379159021549633,Indiana
46322,258227.5147992686,1636.2063492063492,0.0760355696632054,78062,16784.78846195246,2849.6877285237315,0.0110355696632053,0.0466528821595891,0.2079473072125989,0.1173340231374209,0.06224382861609,Indiana
46321,341688.0435,1888.3333333333333,0.0663178019572698,110187,22209.7228275,450.2771724999984,0.0013178019572698,-0.3236242112221831,1.450274739891244,0.9439513626113128,0.084480043834019,Indiana
47408,329040.50041063986,1801.711111111111,0.0657078180538598,45644,21387.632526691592,232.90080664174093,0.0007078180538598,-0.3468664900663611,-1.0457109250854966,0.8186864190246724,-0.6508838063637641,Indiana
46052,285943.8993049933,1571.7777777777776,0.0659616567416794,68930,18586.353454824563,274.9798785087696,0.0009616567416794,-0.3371944486718873,-0.1452023928721135,0.3918451528489291,-0.2905269727673635,Indiana
46375,344608.83454745915,1448.75,0.0504485035121923,93160,22399.574245584845,-5014.574245584845,-0.0145514964878076,-0.9282937073516404,0.79181219681827,0.972879726262916,-0.4211791398829224,Indiana
46805,173626.35794584584,990.8988095238096,0.0684849112482936,52154,11285.71326647998,605.0724478057364,0.0034849112482936,-0.2410506250239033,-0.7939583465099952,-0.7205804291583606,-0.214596730633278,Indiana
46324,174391.3536790711,1526.25,0.1050224085862922,63052,11335.437989139622,6979.562010860378,0.0400224085862922,1.1511413601266474,-0.3725144753401314,-0.7130036890208159,0.6064170752654474,Indiana
46202,338415.32375819125,1441.2864357864355,0.0511071337945541,63506,21996.996044282438,-4701.558814845208,-0.0138928662054458,-0.9031978505719838,-0.3549575366806418,0.9115373948599448,-0.7403936652621734,Indiana
46580,239927.33081324256,1008.1666666666669,0.0504236010086611,71687,15595.276502860766,-3497.2765028607646,-0.0145763989913388,-0.929242569981873,-0.0385845957703228,-0.0639163191969068,-0.463413399882652,Indiana
46323,177791.57284635818,1597.7222222222224,0.1078378820757442,59688,11556.45223501328,7616.214431653387,0.0428378820757442,1.2584196334620943,-0.5026059767730019,-0.6793269298935237,0.6142934096778515,Indiana
46208,172431.78465265172,1359.2991452991455,0.0945973491862186,60062,11208.066002422362,5103.523741167384,0.0295973491862186,0.7539142592324978,-0.4881427717980038,-0.7324118303344477,0.3769966641437373,Indiana
46619,127544.20798608396,1216.6666666666667,0.1144701137788473,48081,8290.373519095458,6309.626480904542,0.0494701137788473,1.5111282340349894,-0.9514680627216722,-1.1769914391288911,0.7055219860267713,Indiana
47803,170790.16439043393,1413.5555555555557,0.0993187560138958,60565,11101.360685378206,5861.305981288462,0.0343187560138958,0.9338145048164054,-0.468690921256763,-0.7486709146549742,0.4760341589621686,Indiana
46256,333448.0444444645,1279.6274509803925,0.0460507406404123,93847,21674.122888890197,-6318.593477125483,-0.0189492593595876,-1.0958621142966192,0.8183796348338414,0.8623400164745316,-0.4748851699930635,Indiana
46240,354324.51119847334,1576.5185185185185,0.0533923610258655,75156,23031.09322790077,-4112.871005678546,-0.0116076389741344,-0.8161236044557657,0.0955674311234427,1.0691066123068285,-0.5932128953522158,Indiana
46135,233274.9040936108,1175.0,0.06044370719939,73677,15162.8687660847,-1062.8687660847008,-0.0045562928006099,-0.5474454424982026,0.0383720296314048,-0.1298038873879154,-0.2362503348820967,Indiana
47129,193699.74671097464,1067.25,0.066117794253545,56185,12590.483536213353,216.51646378664736,0.0011177942535449,-0.331245125142976,-0.6380728404826764,-0.521767751194694,-0.2526908644773521,Indiana
46637,238378.0808210473,1270.8333333333333,0.0639740027584512,71462,15494.575253368075,-244.5752533680752,-0.0010259972415487,-0.4129302309862675,-0.0472857217579554,-0.0792605415097133,-0.2047987237185777,Indiana
46816,198695.498633814,995.0,0.0600919501553723,45343,12915.207411197907,-975.2074111979072,-0.0049080498446276,-0.5608484769992105,-1.057351098073396,-0.4722883718112174,-0.5031718935593805,Indiana
46012,177478.54538558974,1064.1666666666667,0.0719523589302352,58041,11536.105450063333,1233.894549936667,0.0069523589302352,-0.1089301125796212,-0.566298219002472,-0.6824272448667311,-0.0878690730172059,Indiana
47172,293810.79992099374,1187.6666666666667,0.0485074068204177,82503,19097.701994864598,-4845.701994864594,-0.0164925931795822,-1.002255512444416,0.379688198372937,0.469761223575268,-0.4811735414253805,Indiana
46808,161999.75620649665,1140.4166666666667,0.0844754357689039,53359,10529.984153422283,3155.0158465777167,0.0194754357689039,0.3682379606175345,-0.747358982887341,-0.8357336728115982,0.1270580200048846,Indiana
46952,158795.54515113053,888.0,0.0671051570738861,52880,10321.710434823484,334.2895651765157,0.0021051570738861,-0.2936235389626579,-0.7658827133232343,-0.8674691106159403,-0.2030827613551111,Indiana
46040,486871.4973548775,2199.0,0.0541991062187112,147500,31646.64732806704,-5258.647328067036,-0.0108008937812887,-0.7853841101453413,2.8932308020091675,2.3818904965877983,-0.00110091378748,Indiana
47710,147476.55748674148,815.6666666666666,0.0663698703495975,47292,9585.976236638196,202.0237633618035,0.0013698703495975,-0.3216402439622548,-0.9819800111849702,-0.979575655042768,-0.2594989943280649,Indiana
46356,322485.334,1537.5,0.0572119040923578,89217,20961.54671,-2511.5467099999987,-0.0077880959076421,-0.6705871656866591,0.6393297978438919,0.7537621452089438,-0.2942470725319507,Indiana
46016,79494.99818541895,947.6785714285714,0.14305482252629,36029,5167.1748820522325,6204.967975090624,0.07805482252629,2.600294304932401,-1.417539042290327,-1.6528847816173922,1.2054623961025808,Indiana
46703,300777.521820334,1213.8333333333337,0.0484278210414302,74569,19550.538918321712,-4984.5389183217085,-0.0165721789585698,-1.0052879774929502,0.0728671602134858,0.5387616625964108,-0.5885361732017115,Indiana
46011,202135.0704418765,1234.1666666666667,0.0732678400023541,76391,13138.779578721971,1671.220421278027,0.0082678400023541,-0.0588062032083959,0.1433269448777813,-0.4382218526892849,0.1012393523969934,Indiana
46250,316066.92187431647,1391.5460715754832,0.0528323329751854,67328,20544.34992183057,-3845.797062924772,-0.0121676670248145,-0.8374624103516339,-0.2071544099040571,0.6901923255879358,-0.6189159932646213,Indiana
47904,175998.90601337003,1040.9619047619046,0.0709751164941554,51687,11439.928890869052,1051.6139662738042,0.0059751164941554,-0.1461660807269078,-0.8120180168932147,-0.6970820233624532,-0.1772720407589276,Indiana
46404,87709.86744533114,1385.0,0.1894883721077233,42256,5701.141383946524,10918.858616053476,0.1244883721077233,4.36955657736869,-1.1767305466237143,-1.5715223282820716,2.146063590353645,Indiana
46228,262934.4252169077,1680.0,0.0766731095913706,91156,17090.737639099,3069.2623609010006,0.0116731095913706,0.0709451310236616,0.7143141680217563,0.1639526322828561,0.2169762894617864,Indiana
46013,170660.39822160543,1398.75,0.0983532218072314,49310,11092.925884404352,5692.074115595648,0.0333532218072314,0.8970246565278929,-0.9039405789936704,-0.7499561565160144,0.3273213858690482,Indiana
46064,326629.80869426153,1985.0,0.0729265956932193,94609,21230.937565127,2589.062434872998,0.0079265956932193,-0.0718086699006522,0.8478474481786236,0.7948102274415854,0.0594878540149438,Indiana
46113,272661.07307105674,1867.111111111111,0.0821728348714244,84463,17722.96974961869,4682.363583714643,0.0171728348714244,0.2805017239285056,0.4554846736429804,0.2602881803121087,0.2248386279947252,Indiana
46320,130954.06148728733,1074.5833333333333,0.0984696454126534,37158,8512.013996673677,4382.986003326323,0.0334696454126534,0.9014607570317528,-1.3738787256679397,-1.1432192587576475,0.267210612567024,Indiana
46807,160047.07417699092,1077.5,0.080788730856155,58685,10403.05982150441,2526.94017849559,0.015788730856155,0.2277630675600319,-0.5413936628423149,-0.8550736033056445,0.1224781555884504,Indiana
46814,439143.90822554455,1761.0,0.0481208997874714,147280,28544.3540346604,-7412.354034660399,-0.0168791002125285,-1.016982629315458,2.8847230343768158,1.9091825787281012,-0.0249109200903047,Indiana
46184,263574.4432404971,1673.3333333333337,0.0761834104745812,99865,17132.33881063231,2947.6611893676927,0.0111834104745812,0.0522860756641026,1.0511057512497195,0.1702915568512811,0.3074164518367109,Indiana
46408,100487.51829983343,1263.3333333333333,0.150864507915956,47453,6531.688689489173,8628.311310510828,0.085864507915956,2.8978675433362544,-0.975753872144931,-1.4449687595651932,1.4452013619376864,Indiana
47111,296550.8259919842,1317.5555555555557,0.0533152002317944,95376,19275.803689478977,-3465.1370228123087,-0.0116847997682055,-0.8190636700568631,0.8775086198786864,0.4968992383488481,-0.2456590967345952,Indiana
46055,394584.2882431713,2242.619047619048,0.068201977050956,113784,25647.978735806137,1263.449835622443,0.003201977050956,-0.2518312955830993,1.5893767406801962,1.4678511482758252,0.0573271447573441,Indiana
46615,167707.77330897652,1403.5833333333333,0.1004306459246184,62964,10901.005265083477,5941.994734916525,0.0354306459246184,0.9761809594139382,-0.3759175823930721,-0.7791998120228391,0.5311551673936152,Indiana
47807,70735.35709665468,797.4027777777778,0.1352765254335003,24706,4597.798211282555,4971.035122050779,0.0702765254335003,2.303917058003675,-1.855418373659052,-1.7396428135189688,0.9432615796079156,Indiana
46617,297139.0208559252,1573.0952380952378,0.0635296663587509,74186,19314.03635563514,-436.8934984922853,-0.0014703336412491,-0.4298608261129941,0.0580559101989824,0.5027248912783491,-0.2980586182524721,Indiana
46107,186006.01361227623,1297.5,0.0837069710684471,56799,12090.390884797956,3479.6091152020435,0.0187069710684471,0.3389570718103437,-0.6143284344542036,-0.5979687204872903,0.1047737496663688,Indiana
46405,145053.8232998217,1250.0,0.1034098906100218,60881,9428.49851448841,5571.50148551159,0.0384098906100218,1.0896994233210826,-0.4564706732030213,-1.0035711187550236,0.6086227334506396,Indiana
46231,251471.8779,1844.25,0.0880058644521698,71825,16345.6720635,5785.3279365,0.0230058644521698,0.5027582445746092,-0.0332479051645749,0.0504242313225492,0.2313199044734222,Indiana
46802,133643.6687495008,923.2896825396824,0.0829031131376926,46854,8686.838468717551,2392.637721758638,0.0179031131376926,0.3083275911416657,-0.9989182031075616,-1.1165806065236954,0.0778044559433034,Indiana
46613,101680.44609692034,1207.0833333333333,0.1424561019942133,42537,6609.228996299822,7875.771003700178,0.0774561019942133,2.577481195474154,-1.1658638070569378,-1.433153655860922,1.22561218679218,Indiana
47713,90787.60570386505,1102.8055555555557,0.1457651247003122,40873,5901.194370751228,7332.47229591544,0.0807651247003122,2.7035652249164497,-1.2302134676943624,-1.5410395138250856,1.2909264749149332,Indiana
46069,326409.73638965056,1450.0,0.0533072333946215,76990,21216.632865327287,-3816.632865327287,-0.0116927666053784,-0.8193672312656799,0.1664912758404119,0.7926305673584133,-0.518262346352399,Indiana
46204,339632.16237691743,1598.3721572449642,0.0564742330429043,86396,22076.090554499635,-2895.6246675600632,-0.0085257669570956,-0.6986947208710356,0.5302370137945079,0.923589318292964,-0.3749941199557581,Indiana
46923,218409.9069457374,1300.0,0.0714253314703152,63553,14196.643951472932,1403.3560485270682,0.0064253314703152,-0.1290114936021752,-0.353139968141003,-0.2770311406170743,-0.1150415091199736,Indiana
46075,360019.3904884457,1986.055555555556,0.0661982862487834,117002,23401.260381748973,431.4062849176989,0.0011982862487834,-0.3281781304442668,1.7138221781388694,1.125510352381155,0.1249555177432963,Indiana
46409,80460.59493,1320.0,0.1968665532958171,44667,5229.93867045,10610.06132955,0.1318665532958171,4.650688167199012,-1.0834931477073495,-1.6433212307456704,2.328960385436435,Indiana
46280,328005.8196731032,1792.5,0.0655781047465477,91152,21320.37827875171,189.6217212482916,0.0005781047465477,-0.351808969435893,0.7141594813375317,0.8084386402029703,-0.123344368357281,Indiana
46601,136993.77682442506,1100.0,0.0963547418428902,30789,8904.595493587629,4295.404506412371,0.0313547418428902,0.8208763707517298,-1.6201785986245243,-1.0834001622232077,0.141064638233149,Indiana
46225,165506.16916518752,1484.5333333333335,0.1076358669278357,55190,10757.900995737187,7056.499004262812,0.0426358669278357,1.250722229690964,-0.6765511531835402,-0.8010051395021223,0.5825967967908443,Indiana
46616,137867.56580684418,1333.015873015873,0.1160257699668211,58537,8961.391777444873,7034.798698745604,0.0510257699668211,1.5704035603254571,-0.5471170701586243,-1.0747459021178247,0.8360158395387062,Indiana
47901,251723.7166112948,1176.8365384615383,0.056101342581658,47206,16362.041579734165,-2240.003118195702,-0.0088986574183419,-0.7129030041227263,-0.9853057748957988,0.0529185151324866,-0.6626269375566002,Indiana
47305,75547.92385923475,765.4166666666666,0.1215784568364052,36389,4910.615050850259,4274.384949149741,0.0565784568364052,1.781978154074278,-1.4036172407101148,-1.6919777532173612,0.8082994554675769,Indiana
46216,301592.01657071215,1501.7222222222224,0.0597518026888536,53161,19603.48107709629,-1582.8144104296225,-0.0052481973111463,-0.5738091505854694,-0.7550159737564577,0.5468286553899411,-0.6227750984976602,Indiana
45011,355829.6957,1951.7777777777776,6.5821750169721245,91873,23128.9302205,292.4031128333336,0.0008217501697212,-0.4837832582328308,0.7966286559402841,1.0267870043271667,-0.2082604331997635,Ohio
43081,345430.8935072051,1546.1599013874554,5.371238984524255,92422,22453.00807796833,-3899.08926131887,-0.0112876101547574,-0.7883916427915071,0.8167093980313368,0.93645746830978,-0.3364744956483085,Ohio
43123,320393.6004575245,1667.1202614379083,6.244020825848886,91008,20825.584029739093,-820.1408924841926,-0.0025597917415111,-0.568845226107034,0.7649895996401737,0.718970201759405,-0.1987197735133459,Ohio
44256,361791.7412,1876.4277777777777,6.223783124138747,99923,23516.463178,-999.3298446666704,-0.0027621687586125,-0.5739359769476413,1.0910730527216588,1.078576507939679,-0.1753613742452588,Ohio
44035,177385.6818852022,1018.1,6.887365355624668,56408,11530.069322538144,687.130677461857,0.0038736535562466,-0.4070132773677443,-0.5005726523642442,-0.5232727693013051,-0.2490238805328843,Ohio
43026,367763.8801378657,1596.893434343434,5.21060447941151,111440,23904.652208961277,-4741.930996840067,-0.0128939552058849,-0.828798911049818,1.512329713309372,1.1304536885309748,-0.1867912792382923,Ohio
43130,262659.73430628696,1298.6888888888889,5.933253038508707,72153,17072.88272990865,-1488.616063241985,-0.0056674696149129,-0.6470182023320529,0.075331326185165,0.2174630814927428,-0.3444023196090255,Ohio
44060,263544.82028652146,1570.0,7.1486891601654206,87599,17130.413318623894,1709.5866813761058,0.0064868916016542,-0.3412778298999088,0.6402987985684089,0.2251514098643962,-0.023579557352311,Ohio
43230,331941.5733401334,1435.6666666666667,5.190069995344283,91424,21576.202267108674,-4348.202267108674,-0.0130993000465571,-0.833964316861403,0.7802056082191863,0.8192820466322878,-0.3467768852914032,Ohio
43228,216631.8352458585,1197.8973063973065,6.635574896207454,61713,14081.069290980802,293.6983857868763,0.0013557489620745,-0.4703506321372798,-0.3065319660381332,-0.182359772034022,-0.2906629514732755,Ohio
43055,237722.7993519767,1161.2814814814813,5.8620283017721,63974,15451.981957878485,-1516.6041801007086,-0.0063797169822789,-0.6649346334370863,-0.2238314963334515,0.0008475788265464,-0.3997862813838878,Ohio
44077,245645.916636402,1289.6666666666667,6.300125079183437,85056,15966.984581366129,-490.9845813661286,-0.0019987492081656,-0.5547323204562193,0.5472836307404542,0.0696719967589659,-0.1271154703577666,Ohio
45140,429565.9252393151,1827.8916666666669,5.106247658675437,114827,27921.785140555483,-5987.085140555479,-0.0139375234132456,-0.8550496474473765,1.6362158216197469,1.6672991785632387,-0.270119912950412,Ohio
43068,287027.3814216641,1617.3246309246308,6.761687848374284,70477,18656.779792408168,751.1157786874028,0.0026168784837428,-0.4386271871310157,0.0140283685447198,0.4291334466904332,-0.3009317723401785,Ohio
45040,487227.475728236,2024.0833333333333,4.985145791233627,133240,31669.78592233534,-7380.785922335341,-0.0151485420876637,-0.8855125647444357,2.309707085959554,2.1681781264593973,-0.1834797818762311,Ohio
45069,408060.0876173856,1904.0685185185184,5.599376884819533,114631,26523.905695130063,-3675.083472907845,-0.0090062311518046,-0.7310040389846607,1.629046740654635,1.4804880153121336,-0.1728856003583666,Ohio
45044,252025.3611542289,1503.6944444444443,7.159729183878031,73732,16381.64847502488,1662.684858308452,0.0065972918387802,-0.3385007354056694,0.1330863202867539,0.1250872506180349,-0.1543419217404155,Ohio
43701,189430.15095341616,943.8888888888888,5.979336768544344,57565,12312.95981197205,-986.2931453053844,-0.0052066323145565,-0.635425938013832,-0.4582531285038652,-0.4186480940419402,-0.3714592887496875,Ohio
43229,264237.23629164736,1300.75,5.90719166573928,57561,17175.42035895708,-1566.4203589570789,-0.0059280833426072,-0.6535738852467228,-0.4583994362786634,0.2311661041834566,-0.5105399943436517,Ohio
43302,157880.7586,1243.9166666666667,9.454603672014532,55057,10262.249309,4664.750690999999,0.0295460367201453,0.2387700632698767,-0.5499881033023357,-0.6927029245962879,0.0929291855634952,Ohio
43015,397348.4736730512,1554.9444444444443,4.695962000520159,105322,25827.65078874833,-7168.317455414999,-0.0180403799947984,-0.9582561325047552,1.2885519717555272,1.3874412297641296,-0.3700507206785454,Ohio
45013,259645.7478696924,1332.142857142857,6.156740257397547,73633,16876.973611530007,-891.2593258157212,-0.0034325974260245,-0.5908004675458255,0.1294652028604985,0.19128198954266,-0.2948170708232952,Ohio
45840,231032.84415126577,1199.277777777778,6.229128757083039,68083,15017.134869832276,-625.8015364989405,-0.0027087124291696,-0.5725912943451155,-0.073536834672002,-0.0572649362548568,-0.2969037103231869,Ohio
44130,224582.2381684697,1444.9444444444443,7.720705553003833,69655,14597.845480950533,2741.487852382801,0.0122070555300383,-0.1973883223663304,-0.0160378791763099,-0.1132983365113478,-0.0808458576337886,Ohio
44107,272926.08744787524,1382.2921727395412,6.077655026671812,68970,17740.19568411189,-1152.689611237398,-0.0042234497332818,-0.6106941892027153,-0.0410930856105014,0.3066420944864565,-0.3790034391817994,Ohio
45424,216074.5516231562,1449.6338383838383,8.050742639487126,80605,14044.845855505157,3350.7602051009053,0.0155074263948712,-0.1143681949076522,0.3844796543337586,-0.1872006344848594,0.0955999257432733,Ohio
43232,211365.7306333836,1396.7880952380954,7.930073192389968,51417,13738.772491169932,3022.68465168721,0.0143007319238996,-0.1447223377863233,-0.6831281783686964,-0.2281039623210026,-0.23167882993957,Ohio
44646,213804.7449757815,1024.4444444444443,5.749794437315152,69179,13897.3084234258,-1603.9750900924664,-0.0075020556268484,-0.6931668234363382,-0.0334485043772956,-0.2069173843090458,-0.3152344861695486,Ohio
45238,211694.7292939014,1136.3410293410293,6.441394359498203,66277,13760.157404103593,-124.06505201123946,-0.0005860564050179,-0.519196333326115,-0.1395947949933886,-0.2252461046750994,-0.2564273842260542,Ohio
43207,197304.5892722325,1353.8589743589744,8.234125598513943,63310,12824.798302695111,3421.509389612578,0.0173412559851394,-0.0682386014295976,-0.2481185869499524,-0.3502465275394968,-0.0385055712918851,Ohio
45014,271207.57726173353,1318.0772283272283,5.83203717964795,75661,17628.49252201268,-1811.5657820859376,-0.0066796282035204,-0.67247883644744,0.2036432446831852,0.2917141994388046,-0.3334892847065254,Ohio
44212,301399.9932596789,1655.3333333333333,6.590577453293325,91441,19590.99956187913,273.00043812087097,0.0009057745329332,-0.4816696432394903,0.7808274162620786,0.5539816104131192,-0.1173829188237454,Ohio
43065,536431.0093,2586.6666666666665,5.786391812155815,154481,34868.015604500004,-3828.015604500004,-0.0071360818784418,-0.6839608315997854,3.0866379470816883,2.5955862332347044,0.0648937216776728,Ohio
43224,191447.0948231421,1121.7138888888887,7.030958959759339,53321,12444.061163504237,1016.5055031624288,0.0053095895975933,-0.3708926115221661,-0.6134856775647539,-0.4011278450221354,-0.2892664400260821,Ohio
43147,409364.0921219426,2373.3,6.957034226518434,126534,26608.66598792627,1870.9340120737324,0.0045703422651843,-0.3894882210077663,2.0644221015103743,1.4918152931733115,0.1262194613145668,Ohio
43204,193344.94663377284,1311.3617647058825,8.138997915615457,59266,12567.421531195236,3168.919645275353,0.0163899791561545,-0.0921677678249046,-0.3960357472709312,-0.3846420930763186,-0.0879661894784679,Ohio
45231,207312.9204508928,1461.75,8.461122423942227,71353,13475.339829308032,4065.660170691968,0.0196112242394222,-0.0111380325796621,0.0460697712255253,-0.2633088307821597,0.0609136812342584,Ohio
44691,253789.48584847923,1504.9444444444443,7.115871358089025,69920,16496.31658015115,1563.0167531821826,0.0061587135808902,-0.3495330782428372,-0.0063449890959293,0.1404113775851637,-0.2047523113672301,Ohio
43551,323993.07655227085,1590.571428571429,5.89113117661877,95846,21059.549975897608,-1972.6928330404623,-0.0060886882338123,-0.657613867141003,0.9419488532585948,0.7502371688115718,-0.1962697113552374,Ohio
43235,334477.02051591495,1320.661904761905,4.738126055027085,86666,21741.00633353447,-5893.063476391613,-0.0176187394497291,-0.947649854232701,0.606172510096729,0.8413062916115439,-0.4602344324096405,Ohio
44102,124992.18270651008,1304.6798245614036,12.52570965297769,42714,8124.491875923156,7531.666018813687,0.0602570965297768,1.0113002437275698,-1.001457319385877,-0.9783906168566504,0.4008910494193519,Ohio
43016,423442.78037703753,1699.3552631578948,4.815824971614173,109972,27523.78072450744,-7131.517566612703,-0.0168417502838582,-0.9281048569501374,1.458634759958433,1.6141102800610625,-0.3492840564997513,Ohio
45385,245905.87534878333,1156.111111111111,5.641725035506344,76564,15983.881897670915,-2110.548564337585,-0.0085827496449365,-0.7203514517099382,0.2366722248438785,0.0719301366329368,-0.3035600857283929,Ohio
43017,560415.9085,1729.7037037037037,3.7037571791994273,135922,36427.0340525,-15670.589608055554,-0.0279624282080057,-1.2078431459185697,2.4078064489617463,2.803931846122788,-0.4423660074953185,Ohio
45036,394469.9909264959,1992.361111111111,6.060875068640727,99128,25640.54941022224,-1732.2160768889044,-0.0043912493135927,-0.6149151519718868,1.0619943824805167,1.362437195058041,-0.2613467002533966,Ohio
44111,153087.35412707034,1337.9603174603176,10.487818475324165,57252,9950.678018259572,6104.845791264239,0.0398781847532416,0.4986730504673494,-0.4697017118818242,-0.7343409896306831,0.255294209595264,Ohio
44720,271905.40461634554,1301.7738095238094,5.745117768558928,82594,17673.85130006246,-2052.565585776745,-0.0075488223144107,-0.6943432295195477,0.4572311953521629,0.2977758996225064,-0.2695574360786263,Ohio
44118,232823.23164504184,1481.7673992673992,7.637214149796574,77555,15133.51005692772,2647.698734281072,0.0113721414979657,-0.2183904073435934,0.2729199760501322,-0.0417126766190133,-0.0189766755329543,Ohio
44870,172768.62394432907,1515.3333333333333,10.525059229423162,62082,11229.96055638139,6954.039443618611,0.0402505922942316,0.5080408829885367,-0.2930350738129994,-0.5633789944060997,0.2787857182315885,Ohio
44203,171524.97727923983,1290.9166666666667,9.031337736183406,63759,11149.123523150589,4341.876476849411,0.025313377361834,0.1322984169587112,-0.2316955392288547,-0.5741819719168094,0.111476941094061,Ohio
45324,193435.28446672272,1522.548148148148,9.44531801845124,64979,12573.293490336977,5697.2842874408,0.0294531801845124,0.2364342768569744,-0.1870716679154041,-0.3838573705300206,0.1388671121598701,Ohio
44240,233274.3210482952,1513.5317460317465,7.785846667889676,57627,15162.83086813919,2999.550084241768,0.0128584666788967,-0.1810022134043097,-0.4559853579944931,-0.037794273735413,-0.2197378593534202,Ohio
44109,139752.77206040997,1051.187062937063,9.026114165228924,42872,9083.930183926648,3530.3145713181075,0.0252611416522892,0.130984438790223,-0.9956781622813482,-0.8501722737281707,-0.0631767745436587,Ohio
43615,172193.8747699343,1218.0317460317458,8.488328038328705,57713,11192.60186004573,3423.7790923352204,0.019883280383287,-0.0042945181188368,-0.4528397408363318,-0.5683715719440615,-0.0243248669215056,Ohio
45342,251033.6950656588,1309.231746031746,6.258435126914631,84907,16317.190179267822,-606.4092268868699,-0.0024156487308536,-0.5652193393181971,0.5418336661292212,0.1164731106426846,-0.1433541919488691,Ohio
43110,321830.6238,1801.4166666666667,6.716887207549823,77442,20918.990547,698.0094529999988,0.0021688720754982,-0.4498966930859637,0.2687867814120831,0.7314529521152017,-0.2906029025423973,Ohio
44124,239870.96651269772,1574.8809523809523,7.878640630553768,82392,15591.612823325357,3306.9586052460727,0.0137864063055376,-0.1576600893725648,0.4498426527248538,0.0195077032637792,0.0522212104784178,Ohio
45211,189388.606091964,1172.671717171717,7.430257234813505,53868,12310.25939597766,1761.8012100829435,0.009302572348135,-0.2704499793251169,-0.5934780893611002,-0.4190089748423731,-0.2294666215024139,Ohio
44224,281373.30340087326,1559.5833333333333,6.651306209152576,94287,18289.264721056763,425.73527894323706,0.0015130620915257,-0.4663934538101028,0.8849253980309969,0.3800191126781932,-0.043722930031391,Ohio
44134,198885.37130849817,1665.5555555555557,10.049339745387629,68625,12927.54913505238,7059.117531614287,0.0354933974538762,0.3883746581407853,-0.0537121311868461,-0.3365150125791068,0.2453766922301601,Ohio
43402,251191.67604272533,850.0,4.060644110780596,52426,16327.458942777148,-6127.458942777148,-0.024393558892194,-1.1180689970072628,-0.6462220421758509,0.1178454175770237,-0.7764701946717915,Ohio
43213,205683.5290137576,1245.3747474747474,7.265772345192198,54704,13369.429385894244,1575.0675838027255,0.0076577234519219,-0.3118258036207865,-0.5628997644282767,-0.2774625928961372,-0.2692903125596488,Ohio
45103,317699.577393622,1589.722222222222,6.004624501917779,79793,20650.472530585437,-1573.805863918769,-0.0049537549808222,-0.6290648624444962,0.3547791760497243,0.6955684821314405,-0.3472123748336189,Ohio
44094,275941.5238250325,1376.5833333333333,5.986413270108009,78772,17936.199048627113,-1417.1990486271134,-0.0051358672989199,-0.6336458590898629,0.3174341165324841,0.332835781392752,-0.2881598508637366,Ohio
44122,354083.5499972024,1984.4122807017543,6.725234021351515,101230,23015.43074981816,797.5166186028946,0.0022523402135151,-0.4477970698191549,1.1388791181369702,1.0116190524584654,-0.0845586099601795,Ohio
45373,274140.7917675642,1396.922619047619,6.114767277240643,75742,17819.151464891675,-1056.080036320247,-0.0038523272275935,-0.6013586814713477,0.2066059771228487,0.3171936633654034,-0.3021362802718999,Ohio
43040,360261.93514491804,1456.7238095238092,4.852215571221527,99321,23417.025784419675,-5936.340070133963,-0.0164778442877847,-0.9189508789839278,1.0690537326145295,1.065287797510329,-0.3518168792096707,Ohio
44120,128600.74039756172,1140.4863053613053,10.642112651938628,47126,8359.048125841513,5326.787538494151,0.0414211265193862,0.5374854225712125,-0.840079843783464,-0.9470447622205732,0.2061277105946817,Ohio
45458,407571.007726708,1777.642857142857,5.2338645000034,110150,26492.11550223602,-5160.401216521736,-0.0126613549999659,-0.8229479023198398,1.465145455936953,1.4762396068145711,-0.2671782357417482,Ohio
45701,233382.51796876747,1179.4444444444443,6.064435955407512,53075,15169.863667969888,-1016.5303346365544,-0.0043556404459248,-0.6140194184760112,-0.6224836057148431,-0.036854417640108,-0.4863839074244369,Ohio
44105,72215.07562782672,1164.790909090909,19.35536421941369,40906,4693.979915808737,9283.510993282172,0.1285536421941369,2.7292853303307427,-1.0675884335946628,-1.4368406870061343,1.3317342724881993,Ohio
43035,496376.1694717734,1569.0059523809523,3.79310542820934,154683,32264.451015665272,-13436.379587093845,-0.0270689457179066,-1.1853677838310788,3.0940264897089973,2.2476485544661435,-0.1140056558960689,Ohio
44601,153104.80534855285,1021.0,8.002361501396079,61965,9951.812347655936,2300.187652344064,0.0150236150139607,-0.1265383673380099,-0.2973145762258468,-0.7341893990233972,-0.0056256767320795,Ohio
43221,439201.9193789752,1958.0833333333333,5.349931082547271,118768,28548.12475963339,-5051.124759633389,-0.0115006891745272,-0.7937516002340346,1.780365556739672,1.7510025574297827,-0.2129666445810722,Ohio
44145,400347.9266294371,1942.722222222222,5.823101636353651,112200,26022.61523091341,-2709.948564246748,-0.0067689836364634,-0.6747265533664988,1.5401281905210298,1.413496076162116,-0.1580240347593636,Ohio
43201,348748.5664192711,1414.5236721357062,4.867198233933876,43731,22668.656817252624,-5694.372751624149,-0.0163280176606612,-0.9151820220312028,-0.964258567643435,0.965276542780878,-0.9399238898648076,Ohio
45150,325686.9473245049,1544.9166666666667,5.692276019133271,93595,21169.65157609282,-2630.65157609282,-0.0080772398086672,-0.7076354592480382,0.8596141529909086,0.7649510327828789,-0.2489236902833223,Ohio
43219,181162.2460440326,1233.8941798941798,8.173187560906753,52094,11775.54599286212,3031.1841658680405,0.0167318756090675,-0.083567435237754,-0.6583655874841013,-0.490467520977281,-0.1411998896686512,Ohio
43613,150096.70048774907,1001.2916666666666,8.005172639341735,64384,9756.28553170369,2259.21446829631,0.0150517263934173,-0.1258312315641521,-0.2088349494166361,-0.7603194004726335,0.0264977794874597,Ohio
44121,166585.47721219776,1600.7904761904765,11.531308752573034,76767,10828.056018792857,8381.429695492863,0.0503130875257303,0.7611608112889742,0.2440973444148871,-0.6170891011170276,0.5772274291923587,Ohio
44512,189851.1146151762,941.9444444444443,5.953788238875988,63317,12340.322449986454,-1036.9891166531215,-0.0054621176112401,-0.6418526163367122,-0.2478625483440556,-0.4149913793990449,-0.3122867967917637,Ohio
44095,192092.44938816424,1574.2,9.83401485074922,71543,12486.009210230675,6404.390789769326,0.0333401485074922,0.3342101386669658,0.0530193905284397,-0.395521951444744,0.2621152767809636,Ohio
44070,259036.8827586184,1893.5,8.771723840258428,84363,16837.397379310194,5884.602620689806,0.0227172384025842,0.0669930933679736,0.5219358087566662,0.1859930628027515,0.1528786767504363,Ohio
44312,170365.1990661166,1225.3333333333333,8.630870671124308,65480,11073.737939297578,3630.262060702422,0.021308706711243,0.031561778120724,-0.1687466191219297,-0.5842564233711398,0.082008187998011,Ohio
44281,300503.9353752875,1669.1666666666663,6.665470112724255,89131,19532.75579939369,497.2442006063102,0.0016547011272425,-0.462830553978563,0.6963346763161189,0.5461979742364567,-0.1317544689417372,Ohio
43560,308234.78271963005,1923.888888888889,7.489961536127566,109486,20035.26087677596,3051.405789890712,0.0098996153612756,-0.2554314892586208,1.440858365320452,0.6133522330336445,0.1818713183600963,Ohio
44805,219899.57529629976,922.3333333333334,5.033206628565162,68299,14293.472394259485,-3225.4723942594846,-0.0146679337143483,-0.8734229632891859,-0.0656362148328993,-0.1539744410017313,-0.4256074578941164,Ohio
45005,262612.2089980734,1080.888888888889,4.939095069552469,75399,17069.793584874773,-4099.126918208105,-0.0156090493044753,-0.8970965258812623,0.1940600854339031,0.2170502513455373,-0.4337402875795677,Ohio
43082,530180.9039261659,1515.5317460317465,3.4302218012200667,147972,34461.75875520078,-16275.377802819825,-0.0306977819877993,-1.27665038872355,2.84855862054132,2.541294488088384,-0.2920165058170558,Ohio
45215,227406.4629862329,1319.7809523809522,6.964345349116227,69372,14781.42009410514,1055.9513344662864,0.0046434534911622,-0.387649123661458,-0.0263891542432825,-0.0887656150817486,-0.183988185087364,Ohio
43062,374453.8397061131,2177.375,6.977762605000053,105968,24339.49958089735,1789.0004191026492,0.0047776260500005,-0.3842740414684532,1.3121806773854363,1.188566241551127,-0.036196065828821,Ohio
44221,186941.85280457625,1358.35,8.719395766896442,63342,12151.220432297458,4148.979567702541,0.0221939576689644,0.053830077761244,-0.2469481247515668,-0.44026277745359,0.0408831569458699,Ohio
45365,204047.11330274853,1303.9166666666667,7.668327057773296,67051,13263.062364678655,2383.9376353213447,0.0116832705777329,-0.2105640214868988,-0.1112842405699372,-0.291677371595306,-0.0803318085953694,Ohio
43004,337187.2150428512,1980.2777777777776,7.047519085299063,101175,21917.16897778533,1846.1643555480005,0.0054751908529906,-0.3667269471488406,1.1368673862334948,0.864848485183092,-0.0152729547409903,Ohio
44146,171905.2944174881,1172.2333333333331,8.182877698831927,54925,11173.844137136726,2892.9558628632712,0.0168287769883192,-0.0811299016435387,-0.5548162598706763,-0.5708783346323894,-0.0928341618564943,Ohio
44903,197953.2094287275,833.3333333333334,5.051698847853473,67215,12866.958612867287,-2866.958612867289,-0.0144830115214652,-0.8687712848409608,-0.1052856218032111,-0.3446122672947625,-0.3970488755024912,Ohio
44125,134475.0075552099,1485.297619047619,13.254188828547791,57363,8740.875491088644,9082.695937482784,0.0675418882854779,1.1945476316234271,-0.4656416711311742,-0.8960177480554044,0.6367848640834421,Ohio
43050,235507.20368758184,1322.5555555555557,6.73893045230171,64108,15307.96823969282,562.6984269738477,0.002389304523017,-0.4443517617317202,-0.2189301858777118,-0.0183982655174866,-0.2841752835256763,Ohio
43220,352521.81368219183,1343.102380952381,4.571980497626368,74298,22913.91788934247,-6796.689317913897,-0.0192801950237363,-0.9894434159777656,0.153788870420699,0.998052978779888,-0.6481956426186507,Ohio
44128,98239.06634093258,1484.3333333333333,18.131279808975957,43993,6385.539312160618,11426.460687839382,0.1163127980897595,2.421369499241663,-0.954675408394153,-1.2107824388682462,1.166438614876235,Ohio
43209,383373.0883550526,1289.5,4.036277054916566,89713,24919.250743078417,-9445.250743078415,-0.0246372294508343,-1.1241984781064327,0.7176224575492568,1.2660435872247124,-0.6000212192333818,Ohio
43612,112781.4454766278,1107.5742424242424,11.78464316796262,50728,7330.793955980807,5960.0969531101,0.0528464316796262,0.8248865449009687,-0.7083296925776862,-1.0844595859509696,0.4168362818673724,Ohio
45459,321425.88774167147,1534.2922077922078,5.72807206751926,89592,20892.682703208648,-2481.176209702153,-0.0077192793248074,-0.6986310393775695,0.7131966473616114,0.7279371990812942,-0.2809439652965602,Ohio
44052,131450.86409064222,1054.1666666666667,9.623367702837744,45023,8544.306165891745,4105.693834108255,0.0312336770283774,0.2812222964375951,-0.9170011563836168,-0.922287069361822,0.0499682151760769,Ohio
43614,191142.84703496355,992.2222222222222,6.229198137081592,58961,12424.285057272631,-517.618390605965,-0.002708018629184,-0.5725738419539785,-0.4071917150992939,-0.4037707034043756,-0.3276902948259023,Ohio
45417,71779.55138798173,1015.2944444444444,16.97354343645739,36945,4665.670840218812,7517.86249311452,0.1047354343645739,2.1301433760377666,-1.2124697075885789,-1.440623882587716,0.9894555522598528,Ohio
44129,198467.83576651764,1153.8333333333333,6.976445299826199,70651,12900.409324823648,945.5906751763524,0.0047644529982619,-0.384605406784396,0.0203927567484414,-0.3401419487471976,-0.118156486618226,Ohio
45239,201053.0594974952,1296.4166666666667,7.737758400137061,60324,13068.448867337189,2488.551132662811,0.0123775840013706,-0.1930987149236658,-0.3573373408368077,-0.3176853180900489,-0.1402134960948654,Ohio
43119,299280.8413202825,1843.222222222222,7.390605616146289,91224,19453.254685818363,2665.411980848301,0.0089060561614628,-0.2804242597030334,0.7728902194792764,0.5355735276467546,-0.0154597695370847,Ohio
45230,299957.2272998398,1316.2698412698412,5.265830144325558,89516,19497.219774489586,-3701.98167925149,-0.0123416985567444,-0.8149070124483357,0.7104167996404456,0.5414489766234079,-0.3026182616567158,Ohio
45056,325161.4088345319,1800.0,6.642854721727389,49233,21135.491574244574,464.5084257554263,0.0014285472172738,-0.4685194075043704,-0.7630122234085128,0.7603859254677854,-0.6152405558682961,Ohio
43223,160261.89245440444,1435.2083333333333,10.74647237483478,46911,10417.02300953629,6805.476990463711,0.0424647237483478,0.5637368890009701,-0.8479438866788671,-0.6720191273400352,0.1618891039648319,Ohio
45244,399625.6863312328,1680.7222222222224,5.046889465946319,109287,25975.66961153013,-5807.002944863463,-0.0145311053405368,-0.8699810746351436,1.4335795535242415,1.4072223121438854,-0.2863611336890764,Ohio
44135,149620.2214533883,1385.2777777777776,11.110352044567756,53848,9725.31439447024,6898.018938863092,0.0461035204456775,0.6552700463280707,-0.5942096282350913,-0.7644583512188686,0.3022638049372817,Ohio
45431,244167.3089400816,1776.2222222222224,8.729533351206024,83175,15870.8750811053,5443.791585561366,0.0222953335120602,0.056380165542204,0.4784823996416012,0.0568280225507728,0.1603691981534277,Ohio
45042,235608.81704806452,1127.888888888889,5.744550155737837,69520,15314.573108124196,-1779.9064414575278,-0.0075544984426216,-0.69448601131797,-0.0209757665757491,-0.0175155977317747,-0.3500326160853548,Ohio
43214,385054.2626776981,1608.2071428571428,5.011887306501298,94183,25028.527074050377,-5730.041359764662,-0.014881126934987,-0.8787857934302896,0.8811213958862437,1.280647163070605,-0.4311859105633927,Ohio
45240,237323.0394605689,1574.7222222222224,7.962424006374795,71947,15425.99756493698,3470.669101729687,0.0146242400637479,-0.1365845593050307,0.0677964757830578,-0.0026249485703343,-0.0474283472035311,Ohio
45420,162362.2103797962,1229.8809523809523,9.089905461405282,60588,10553.543674686753,4205.027753884675,0.0258990546140528,0.1470310037255353,-0.3476810277001266,-0.6537746468535143,0.0999661229234325,Ohio
44685,305501.6399118693,1723.8333333333333,6.771158415374617,102773,19857.606594271507,828.3934057284932,0.0027115841537461,-0.4362448861361445,1.1953173422653751,0.5896106984686975,0.0225506199178007,Ohio
44708,188429.94937050168,1079.1666666666667,6.87258052303404,63706,12247.94670908261,702.0532909173908,0.0037258052303403,-0.4107323705739297,-0.2336341172449308,-0.4273363778686218,-0.1899891448867197,Ohio
44313,244899.7166165595,1385.1166666666668,6.787022961739149,75671,15918.481580076368,702.9184199236333,0.0028702296173914,-0.4322541932255636,0.2040090141201807,0.0631901058335633,-0.1675624135434403,Ohio
43085,388178.92306448304,1364.5,4.218157923345056,112517,25231.6299991914,-8857.629999191398,-0.0228184207665494,-1.0784467323250002,1.551723081673787,1.3077896279158117,-0.3352643672435263,Ohio
43054,557862.9164877447,1605.918300653595,3.4544363925768296,148100,36261.08957170341,-16990.069963860267,-0.0304556360742317,-1.2705592597470494,2.853240469334862,2.781755197346556,-0.3356585285423773,Ohio
43605,61973.14190755863,1053.9666666666667,20.40819556779228,39118,4028.254223991311,8619.34577600869,0.1390819556779228,2.9941228177362893,-1.1329880089294575,-1.5258075798963238,1.462326522168572,Ohio
45750,178064.3188901396,1123.75,7.57310621468181,60229,11574.180727859077,1910.819272140925,0.0107310621468181,-0.2345166221306997,-0.3608121504882649,-0.5173777667189213,-0.122026402868045,Ohio
43227,189428.81332405217,1494.0857142857142,9.464784293801037,48159,12312.872866063391,5616.15570536518,0.0296478429380103,0.2413309770366596,-0.8022958609418291,-0.4186597134032447,-0.0362913270835699,Ohio
45236,276042.6289486811,1685.7380952380954,7.328164211411664,84037,17942.770881664273,2286.0862611928715,0.0082816421141166,-0.2961312623159955,0.510011725110613,0.3337140343625494,-0.0618049204973237,Ohio
44012,410773.3946383922,2197.5,6.419597847424799,115567,26700.27065149549,-330.27065149549526,-0.000804021525752,-0.5246791995996305,1.6632827599574134,1.5040572456654202,-0.0641662209456753,Ohio
45039,382022.92957710224,2034.0166666666664,6.389197639790829,108794,24831.490422511648,-423.2904225116508,-0.0011080236020917,-0.5323263072002795,1.4155471202803636,1.2543153887552234,-0.0923620952670754,Ohio
45356,173377.3546287438,1133.75,7.847045555131834,69188,11269.528050868348,2335.471949131652,0.0134704555513183,-0.1656077634250328,-0.0331193118839996,-0.5580912353677723,0.0188785717958381,Ohio
44310,111390.10857694964,1101.9444444444446,11.87119170837193,41066,7240.357057501727,5982.976275831609,0.0537119170837193,0.8466576462420512,-1.0617361226027349,-1.0965454795242582,0.3241170822450568,Ohio
44011,455834.80691755377,2049.0,5.394059344934403,135915,29629.262449640995,-5041.262449640995,-0.0110594065506559,-0.7826512296455458,2.4075504103558494,1.895484680094852,-0.0481574277349884,Ohio
43606,183160.91554522712,1067.1444444444444,6.991520704738599,66917,11905.459510439763,900.2738228935705,0.0049152070473859,-0.3808132207284147,-0.1161855510256769,-0.4731060128585771,-0.130641073100195,Ohio
44137,126155.73430192798,1574.1666666666667,14.973556378175124,53918,8200.122729625318,10689.877270374682,0.0847355637817512,1.6270508834226818,-0.5916492421761228,-0.9682833877933632,0.8296873466171767,Ohio
45248,248426.18723169368,1540.0,7.4388292981225455,84510,16147.702170060087,2332.297829939911,0.0093882929812254,-0.2682936950236055,0.5273126194805,0.0938229083946825,0.0052823566534107,Ohio
43231,265859.1688230966,1656.8055555555557,7.478270076100321,73986,17280.84597350128,2600.820693165388,0.0097827007610032,-0.2583724511728782,0.1423768639864395,0.245255074268764,-0.13552418124426,Ohio
43211,133260.0581126398,1264.9656084656085,11.3909505342978,42579,8661.903777321586,6517.683524265716,0.048909505342978,0.7258539998780309,-1.006395206785316,-0.9065714462022908,0.2423227271438788,Ohio
44106,178507.8412,1652.361111111111,11.107822043020334,43170,11603.009678,8225.323655333332,0.0460782204302033,0.6546336298175031,-0.9847782330588823,-0.5135250956400534,0.1345883641190975,Ohio
45241,376981.3309202578,1797.5,5.72176875373244,103585,24503.78650981676,-2933.7865098167567,-0.0077823124626756,-0.7002166245600403,1.2250178205494096,1.2105213768089067,-0.2247072414769786,Ohio
45224,204315.5463731953,1353.3333333333333,7.948489622192826,56471,13280.510514257696,2959.489485742304,0.0144848962219282,-0.1400897240220384,-0.4982683049111725,-0.2893456189322945,-0.161656229697912,Ohio
45242,523036.93606200814,1958.888888888889,4.49426513615854,124567,33997.40084403053,-10490.734177363864,-0.0200573486384146,-1.0089925499351189,1.9924752532533605,2.4792381771279146,-0.4026013344171342,Ohio
45805,183380.64539732144,1203.3333333333333,7.874331540667005,68842,11919.741950825894,2520.2580491741064,0.01374331540667,-0.1587440317726198,-0.0457749344040438,-0.471197322297793,0.0011349682520355,Ohio
45102,298464.49725594773,1707.0833333333333,6.863462886988908,76763,19400.192321636605,1084.807678363395,0.003634628869889,-0.413025892537338,0.2439510366400889,0.528482328180243,-0.239024100912691,Ohio
44306,86117.22831628665,1022.0,14.241052852929093,41688,5597.619840558633,6666.380159441367,0.0774105285292909,1.4427911789214571,-1.038985263621615,-1.316079182103045,0.6729158467948531,Ohio
44305,116445.26746742048,1152.7777777777776,11.879687027387074,52768,7568.942385382331,6264.390947951001,0.0537968702738707,0.8487946256795884,-0.6337127274306048,-1.052633676164176,0.444810229843448,Ohio
45440,306580.45768180426,1474.1666666666667,5.770100329865191,82383,19927.72974931728,-2237.7297493172773,-0.007298996701348,-0.6880589193349249,0.4495134602315579,0.598981884380192,-0.3289717984740334,Ohio
45331,187469.42414864,675.0,4.320704582512455,53801,12185.5125696616,-4085.5125696616014,-0.0217929541748754,-1.052651338221707,-0.59592874458897,-0.4356800116848202,-0.6179682901505806,Ohio
45255,340782.6659907372,1581.1666666666667,5.56777145481799,92035,22150.87328939792,-3176.8732893979177,-0.0093222854518201,-0.738954317709616,0.8025541208196111,0.8960804876651515,-0.3079270201419549,Ohio
44108,72308.76228995962,1231.7777777777776,20.441967010941056,34745,4700.069548847376,10081.263784485956,0.1394196701094105,3.0026179524635705,-1.2929389837275882,-1.4360268747453968,1.400632656062588,Ohio
45251,213616.92865546883,1626.3333333333333,9.135980056841047,74614,13885.100362605475,5630.899637394525,0.0263598005684104,0.1586209702545782,0.1653471846297567,-0.2085488569301994,0.170624411902256,Ohio
45212,242301.1401342028,1236.7777777777776,6.125160337715784,72422,15749.574108723184,-908.2407753898516,-0.0037483966228421,-0.5987443292040743,0.0851705240403438,0.040617486063989,-0.2819445046027318,Ohio
43212,405618.9721736226,1561.2854182854182,4.618971573007547,77257,26365.233191285468,-7629.808171860448,-0.0188102842699245,-0.9776229108668552,0.2620200468276664,1.4592831860143154,-0.7020620785879907,Ohio
45801,133045.05468865842,1153.375,10.40286693285102,51731,8647.928554762797,5192.571445237203,0.0390286693285101,0.4773036705619526,-0.6716430180470379,-0.9084390804903864,0.2188467459649422,Ohio
45245,317719.2308990843,1202.9166666666663,4.54331957154489,80147,20651.75000844048,-6216.7500084404855,-0.0195668042845511,-0.9966530110015316,0.3677274141193649,0.6957392029506857,-0.5271561218550935,Ohio
43609,67574.34093982725,1035.0555555555557,18.380744072260903,42313,4392.332161088772,8028.334505577896,0.118807440722609,2.4841217043195307,-1.0161246738093963,-1.4771525809507309,1.2326539662070928,Ohio
44641,233627.85600398105,1661.5666666666666,8.534427504081636,80303,15185.81064025877,4752.98935974123,0.0203442750408163,0.007301704485616,0.3734334173364946,-0.0347232807574759,0.1226255335952515,Ohio
45237,192991.87927156096,1205.952380952381,7.498465026637556,44913,12544.472152651462,1926.9564187771105,0.0099846502663755,-0.2532924542989275,-0.9210246201905672,-0.387709024288221,-0.3254118083489897,Ohio
44053,229387.71610532064,957.6666666666666,5.009858502939009,67484,14910.20154684584,-3418.201546845841,-0.0149014149706099,-0.8792961346532248,-0.0954464239480322,-0.0715553949369519,-0.4539709155236316,Ohio
43202,311303.16133972816,1289.512987012987,4.970767330971223,69524,20234.70548708233,-4760.549642926486,-0.0152923266902877,-0.8891294358553884,-0.0208294588009509,0.6400058044681676,-0.578814716461613,Ohio
43607,72781.83609216094,1189.5833333333333,19.613410112275947,41335,4730.819345990461,9544.18065400954,0.1311341011227594,2.7941962260845674,-1.051896924747556,-1.431917503659904,1.3679125363499978,Ohio
43206,262715.8117872059,1725.4801587301588,7.881429657356566,75806,17076.527766168387,3629.234138593518,0.0138142965735656,-0.1569585156096851,0.2089469015196199,0.2179502003684094,-0.0593852274226384,Ohio
44223,242926.54043074872,1437.25,7.099677116143107,90335,15790.225127998669,1456.7748720013333,0.005996771161431,-0.3536067053759952,0.7403733165303767,0.0460500462343584,0.0360986330242436,Ohio
45371,340003.38093287783,1678.5555555555557,5.924254815172899,93599,22100.21976063706,-1957.553093970393,-0.005757451848271,-0.6492816862822977,0.8597604607657068,0.8893112024728153,-0.2445749454059999,Ohio
43623,197486.4185293269,989.7444444444444,6.014050698665942,71171,12836.61720440625,-959.6838710729172,-0.0048594930133405,-0.6266937226922284,0.0394127674722072,-0.3486670617391852,-0.231789618756615,Ohio
45414,173140.81879591604,1724.7555555555557,11.95389210389645,54485,11254.153221734545,9442.913444932126,0.0545389210389645,0.8674607549183738,-0.5709101150984781,-0.560145911630931,0.3744865252558297,Ohio
45505,123309.04715328488,1160.0,11.288709402397796,43819,8015.088064963517,5904.911935036483,0.0478870940239779,0.7001354605093113,-0.9610397965978746,-0.9930112289962432,0.2603580370745419,Ohio
44055,119339.27908430924,1170.6666666666667,11.77148052828068,40636,7757.0531404801,6290.9468595199,0.0527148052828068,0.8215755108722439,-1.077464208393541,-1.0274947494170532,0.2930474428014703,Ohio
43725,160450.95410958622,1050.0,7.852866983510949,57835,10429.312017123104,2170.687982876896,0.0135286698351094,-0.1641433954924002,-0.4483773537049868,-0.6703768370767313,-0.0825095364423498,Ohio
44446,124878.3223897181,1208.0,11.608099566521348,50468,8117.090955331677,6378.909044668323,0.0510809956652134,0.780477377283346,-0.717839697939569,-0.9793796682296766,0.3707627129057376,Ohio
45406,85985.84585214818,944.3888889,13.179688534187836,41796,5589.079980389632,5743.586686410368,0.0667968853418783,1.1758072409619498,-1.0350349537020636,-1.3172204401831988,0.5408372224069956,Ohio
44320,103354.6020764045,1192.4166666666667,13.844569774863173,41241,6718.0491349662925,7590.9508650337075,0.0734456977486317,1.3430567035418002,-1.0553351574553136,-1.1663461700655076,0.5881970385474076,Ohio
44112,82710.91298662304,948.5538461538462,13.761964102230484,28799,5376.209344130498,6006.436809715656,0.0726196410223048,1.3222774222075413,-1.5104254909651105,-1.345668251839425,0.4771447141821226,Ohio
44104,75202.36216411737,1050.0,16.75479285145655,24111,4888.153540667629,7711.846459332371,0.1025479285145654,2.0751171314361625,-1.6818982030285992,-1.4108915246149998,0.8151674097325015,Ohio
45405,85346.70819022892,1000.2069597069598,14.063206151702104,43973,5547.53603236488,6454.947484118637,0.075632061517021,1.3980542193230778,-0.955406947268144,-1.3227723304280588,0.6769594915667074,Ohio
45208,592355.8075891308,1590.4126984126983,3.2218730932389312,137600,38503.12749329351,-19418.175112341123,-0.0327812690676106,-1.3290600632748384,2.4691825604895907,3.0813788262338613,-0.5400510287373143,Ohio
44333,393317.0501391425,1250.0,3.813717202113028,131821,25565.608259044264,-10565.608259044264,-0.0268628279788697,-1.1801829359254472,2.257804402849893,1.352422137126723,-0.1832345745331003,Ohio
44123,133058.8374618211,1177.3666666666666,10.618159807727086,55676,8648.824435018372,5479.575564981626,0.0411815980772708,0.5314601355326279,-0.5273469751523144,-0.9083193559796462,0.2891898464165489,Ohio
44709,178322.40203334903,910.8888889,6.129721528064542,57842,11590.956132167688,-660.2894653676885,-0.0037027847193545,-0.5975969714687599,-0.4481213150990899,-0.515135919038025,-0.3302076964565019,Ohio
43952,101032.98973670953,900.0,10.68957775885346,47624,6567.14433288612,4232.85566711388,0.0418957775885345,0.5494251693066411,-0.8218645258210883,-1.1865129317337113,0.2654558132537363,Ohio
44142,203796.3576192916,1317.5,7.75774414454177,71332,13246.763245253956,2563.2367547460453,0.0125774414454177,-0.1880713434075879,0.0453016554078347,-0.2938555690569407,-0.0216740612700554,Ohio
44113,290918.3115227805,1632.5309803921566,6.733976854932985,71941,18909.690248980733,680.6815157251476,0.0023397685493298,-0.4455978286186645,0.0675770141208605,0.4629321385199071,-0.2951122377770555,Ohio
44110,80389.55103596875,1102.625,16.459228630447036,31928,5225.320817337969,8006.179182662031,0.0995922863044703,2.000768579999424,-1.3959762341292197,-1.3658328384950211,0.8547579874599505,Ohio
45449,182839.2886336966,1444.0,9.477175354097565,63800,11884.553761190278,5443.446238809722,0.0297717535409756,0.2444479219113322,-0.2301958845371731,-0.4758998355653296,0.1483451627075801,Ohio
45227,273835.0039,1579.2400673400673,6.920547241287442,71646,17799.2752535,1151.6055545808083,0.0042054724128744,-0.3986664445726907,0.0567868157294933,0.3145374270331115,-0.2452046629741196,Ohio
45205,137684.4619634643,1331.845238095238,11.607804271613343,43682,8949.49002762518,7032.652829517678,0.0510780427161334,0.7804030964770227,-0.9660508378847128,-0.8681387171639954,0.2740140403058965,Ohio
45322,217160.42774151312,1605.8333333333333,8.873624076177062,75349,14115.427803198354,5154.572196801646,0.0237362407617706,0.0926258810773106,0.1922312382489257,-0.1777681359984949,0.139535939213032,Ohio
44705,94720.35972872665,1091.5277777777778,13.828424396662095,43439,6156.823382367233,6941.509950966101,0.0732842439666209,1.3389953679797748,-0.9749390352037036,-1.2413477991635022,0.6252855332614768,Ohio
44092,195359.36337405708,1098.4444444444443,6.747223734597693,70801,12698.35861931371,482.9747140196214,0.0024722373459769,-0.4422656042013658,0.0258792983033739,-0.3671437960492235,-0.139940253399826,Ohio
44314,101908.3443836876,1155.9722222222224,13.6119046487886,47468,6624.042384939694,7247.624281726974,0.071119046487886,1.2845302857148813,-0.8275705290382179,-1.1789091349072862,0.6297758111274325,Ohio
44126,265407.3266895909,1116.5,5.048089729515919,79269,17251.476234823407,-3853.476234823407,-0.0145191027048408,-0.8696791508859253,0.3356128575511603,0.2413301327691595,-0.3824217447314464,Ohio
45219,259984.0079775039,1749.076923076923,8.073159283989199,35657,16898.960518537755,4089.962558385323,0.0157315928398919,-0.1087293356400826,-1.2595808110735989,0.1942202970539786,-0.4710829705529166,Ohio
43215,334623.1536851902,1511.7562446167096,5.4213447980552605,74087,21750.504989537363,-3609.430054136847,-0.0107865520194474,-0.7757876319208216,0.146071135300094,0.8425756821752503,-0.5125876118054327,Ohio
45202,388826.8864732448,1549.3894993894992,4.781735687393971,95633,25273.747620760914,-6681.073628086924,-0.0171826431260602,-0.936679943923218,0.9341579642505908,1.3134181832998395,-0.4507762193463996,Ohio
43064,534137.4668858919,1702.1666666666667,3.82410919778515,139591,34718.93534758297,-14292.93534758297,-0.0267589080221485,-1.1775688515071092,2.542007255395394,2.5756633018949646,-0.3413149095139294,Ohio
45152,384496.3558778928,2298.75,7.174320270738889,123366,24992.263132063035,2592.7368679369647,0.0067432027073888,-0.3348303785259119,1.948546343870201,1.2758008873714408,0.1619885364238162,Ohio
45410,124982.7781680086,1196.7777777777776,11.490649786987492,46651,8123.88058092056,6237.4527524127725,0.0499064978698749,0.7509331349353335,-0.8574538920407501,-0.9784723096885308,0.3139248617931479,Ohio
45067,264982.4344426036,2240.0,10.144068627244168,81605,17223.858238769237,9656.141761230763,0.0364406862724416,0.4122035069818264,0.4210565980333083,0.2376392923419478,0.2848908744325161,Ohio
45419,267611.3628551894,1116.25,5.005392841726358,92264,17394.738585587314,-3999.7385855873135,-0.0149460715827364,-0.8804194622374428,0.810930240926808,0.2604755651480928,-0.2490257718702976,Ohio
45220,323792.11109664856,1271.9904024767802,4.714100284291748,53440,21046.48722128216,-5782.602391560795,-0.0178589971570825,-0.953693485783308,-0.6091330212645075,0.7484914757956528,-0.8092849444301369,Ohio
44103,70677.35530317454,1116.111111111111,18.94996392533629,27047,4594.028094706346,8799.305238626986,0.1244996392533629,2.627307748221058,-1.5745082963267214,-1.4501981449974577,1.1313410142120042,Ohio
44301,115361.12146429405,1200.9722222222224,12.492654790225224,51321,7498.472895179113,6913.193771487555,0.0599265479022522,1.002985363275558,-0.6866395649638531,-1.062051145947895,0.5079110413382021,Ohio
45223,209681.42242474572,1220.5555555555557,6.985199974939758,49312,13629.292457608472,1017.3742090581944,0.0048519997493975,-0.3824031868716838,-0.7601226448562485,-0.2427347607702653,-0.3706914347386633,Ohio
44132,144021.41945793212,1468.0555555555557,12.231976835787542,47969,9361.392264765587,8255.27440190108,0.0573197683578754,0.9374123780280978,-0.8092454802447436,-0.813092528225639,0.3885510505857537,Ohio
43608,47164.48368853272,994.6666666666666,25.30717833958192,29275,3065.6914397546266,8870.308560245374,0.1880717833958192,4.226451518930396,-1.493014865764125,-1.6544434747969414,1.996209994695349,Ohio
45409,237016.8022424267,1606.2222222222224,8.132194209148116,87283,15406.092145757735,3868.5745209089328,0.0163219420914811,-0.0938792257223447,0.6287404843593511,-0.0052850882011477,0.1427395500868625,Ohio
44485,67611.45707807063,1100.0,19.52331834049668,35195,4394.744710074591,8805.255289925408,0.1302331834049667,2.771533832425144,-1.2764793590627908,-1.476830170399581,1.2981891425736511,Ohio
45229,239368.8250751716,1349.6666666666667,6.76612754184418,32263,15558.973629886152,637.0263701138483,0.0026612754184417,-0.4375103916772817,-1.3837229579898704,0.0151458352114883,-0.6369012502778997,Ohio
45403,98868.02703449033,1032.34126984127,12.529930665829536,38323,6426.421757241871,5961.673480853369,0.0602993066582953,1.012362030536741,-1.1620666791705996,-1.2053189511925588,0.3986248017557023,Ohio
43074,474281.17653932393,1608.861111111111,4.070651395909362,119296,30828.276475056056,-11521.943141722724,-0.0242934860409063,-1.1155516857082264,1.799678183013034,2.055719674303534,-0.42901632281091,Ohio
44667,232174.7278525778,1000.0,5.168521187034425,75616,15091.357310417558,-3091.357310417557,-0.0133147881296557,-0.8393848737798071,0.2019972822167054,-0.0473459260637792,-0.349624067012136,Ohio
43125,271360.17625243205,1407.9662698412696,6.226261889798508,84043,17638.411456408085,-742.8162183128479,-0.0027373811020149,-0.5733124487156893,0.5102311867728103,0.2930397555721899,-0.1921948194404395,Ohio
44907,164955.15975163758,905.8333333333331,6.589669590430673,48008,10722.085383856444,147.91461614355467,0.0008966959043067,-0.481898014212509,-0.8078189794404612,-0.6312509071638321,-0.3570445195056264,Ohio
45249,575805.1839489994,1865.7,3.888190072631059,105804,37427.33695668496,-15038.936956684956,-0.0261180992736894,-1.1614494436731042,1.3061820586187105,2.9376112916184485,-0.7763923625746287,Ohio
43205,264912.29791701323,1478.3142857142857,6.696469574292324,60181,17219.29936460586,520.4720639655679,0.0019646957429232,-0.4550327053247823,-0.3625678437858433,0.2370300491140267,-0.3836927156209495,Ohio
44119,128112.18442490444,1194.3333333333333,11.187070195029726,44077,8327.291987618788,6004.708012381212,0.0468707019502972,0.6745683339769327,-0.9516029451233908,-0.9512886196870834,0.2420610073888658,Ohio
45246,239435.73073311,1691.1190476190477,8.47552222439553,65370,15563.32249765215,4730.106073776422,0.0197552222439552,-0.0075157933890578,-0.1727700829288802,0.0157270134016748,-0.0587343242535279,Ohio
45213,286929.8183053499,1462.5333333333335,6.116617681513643,76356,18650.438189847744,-1100.0381898477426,-0.0038338231848635,-0.6008932162103632,0.2290642205543722,0.4282859614834181,-0.3173845342355536,Ohio
45404,95350.63711648586,1104.1666666666663,13.896079146081666,38874,6197.791412571581,7052.208587428416,0.0739607914608166,1.356013776364864,-1.1419127831921476,-1.2358728739804856,0.582607628020885,Ohio
45209,387767.62763099046,1566.7039627039628,4.848379857624045,93420,25204.89579601438,-6404.448243566829,-0.0165162014237595,-0.919915744584794,0.8532131878434873,1.3042168966545904,-0.4648372952702689,Ohio
44509,80318.38040591823,987.5,14.753783555036474,36570,5220.694726384685,6629.305273615315,0.0825378355503647,1.571767496990751,-1.22618606147591,-1.366451064505223,0.691318142953647,Ohio
45402,71775.24215227061,1443.31341991342,24.130550478976165,48401,4665.39073989759,12654.370299063448,0.1763055047897616,3.930473282060745,-0.7934442405665382,-1.4406613149049343,2.015335631841398,Ohio
44117,157174.03825828654,1177.75,8.991943043910993,43013,10216.312486788624,3916.687513211375,0.0249194304391099,0.1223887658691913,-0.9905208132197116,-0.6988418740038704,-0.0961934862305437,Ohio
44714,147898.55787231738,1019.0222222222224,8.268009399539569,55905,9613.40626170063,2614.860404966039,0.0176800939953956,-0.0597152033172636,-0.5189708550451176,-0.7794136383349102,-0.0296661305051851,Ohio
44502,53297.964667626,911.25,20.5167309262038,31170,3464.36770339569,7470.63229660431,0.140167309262038,3.0214246564026963,-1.4237015574534782,-1.6011647912773297,1.4038348192207706,Ohio
44115,157039.43467358485,1556.0079365079366,11.890067788964105,22056,10207.563253783015,8464.531984312225,0.053900677889641,0.8514058841851893,-1.7570638223311736,-0.7000111124533531,0.0385860178839131,Ohio
45439,163049.54059072406,1245.8333333333333,9.168992409200635,52035,10598.220138397064,4351.779861602936,0.0266899240920063,0.1669251573076374,-0.6605236271623748,-0.647804130452417,0.0148663165955897,Ohio
45214,130689.3154615254,1133.75,10.410185371278708,27852,8494.80550499915,5110.194495000849,0.039101853712787,0.4791446081897183,-1.545063856648584,-0.9289022864846618,-0.0381663956027835,Ohio
45206,252540.6098307595,1448.3894993894992,6.882328352783213,62648,16415.139638999368,965.5343536746224,0.0038232835278321,-0.4082803247240376,-0.2723325236790543,0.1295629751314629,-0.3117525144920277,Ohio
45216,152819.5028,1273.6666666666667,10.00134126859625,44099,9933.267682,5350.732318,0.0350134126859624,0.3763007433468358,-0.9507982523620008,-0.7366676889607915,0.0502444337569759,Ohio
44707,103649.27107907692,1350.0,15.62963234699506,44943,6737.20262014,9462.79737986,0.0912963234699505,1.792085398586976,-0.9199273118795808,-1.163786518117464,0.8528218093531065,Ohio
43203,226196.32885972576,1368.8333333333333,7.261833152998023,47572,14702.761375882175,1723.2386241178249,0.0076183315299802,-0.3128166990426596,-0.8237665268934649,-0.0992774848278561,-0.383682810623798,Ohio
45232,164210.60538547853,1462.5,10.68749485382019,28367,10673.689350056104,6876.310649943895,0.0418749485382019,0.5489012189736988,-1.5262267306433157,-0.6377185030645856,-0.0558737090932281,Ohio
43240,326007.58562505926,1442.0892857142856,5.3081806042617545,82895,21190.49306562885,-3885.421637057425,-0.0119181939573824,-0.8042538442868398,0.4682408554057273,0.7677362678879901,-0.4152019190992997,Ohio
44114,202964.77092230652,1321.9629629629628,7.815915778619536,44002,13192.710109949929,2670.845445605628,0.0131591577861953,-0.17343839252599,-0.9543462159008572,-0.3010791741514716,-0.3128072262029577,Ohio
44307,75018.79586252534,995.0,15.9160112645376,27697,4876.221731064147,7063.778268935853,0.094160112645376,1.8641234064642016,-1.550733282922014,-1.4124860793092628,0.7493389342173493,Ohio
44703,89139.04487483756,893.6555555555556,12.03049312646812,31957,5794.037916864442,4929.828749802225,0.0553049312646812,0.8867295792954396,-1.3949155027619329,-1.2898300735419947,0.282856153527539,Ohio
45204,119412.97700271224,1431.6666666666667,14.387046057489872,31236,7761.843505176296,9418.156494823705,0.0788704605748987,1.479515459152765,-1.4212874791693078,-1.026854570033758,0.5187423998323418,Ohio
44311,73067.06987021309,940.8333333333334,15.451557069489851,24369,4749.359541563851,6540.640458436149,0.0895155706948985,1.7472909411117552,-1.6724613515541151,-1.429439811099718,0.6577950273095866,Ohio
45217,197169.8443062408,1366.6666666666667,8.31770195777393,62200,12816.039879905651,3583.960120094349,0.0181770195777393,-0.0472151459378837,-0.2887189944564526,-0.3514169941021883,-0.0399398724854399,Ohio
44902,66751.22756006989,848.5,15.253652063307973,31343,4338.829791404543,5843.170208595457,0.0875365206330797,1.6975083575451595,-1.417373746193456,-1.4843025822974922,0.7204025713740415,Ohio
44302,128194.18039201896,1089.0277777777776,10.194170510213686,42400,8332.621725481233,4735.711607852099,0.0369417051021368,0.424806529128126,-1.0129424797075357,-0.950576359031728,0.098635792458148,Ohio
45226,448692.12711022375,1704.5,4.558582324974773,97558,29164.988262164545,-8710.988262164545,-0.0194141767502522,-0.9928136978242732,1.0045685808722238,1.8334395578822265,-0.5617241862269147,Ohio
43222,157049.47265628062,1285.8333333333333,9.82492951999284,32321,10208.21572265824,5221.78427734176,0.0332492951999284,0.3319247430302634,-1.3816014952552964,-0.6999239171877207,-0.108533293623913,Ohio
45065,360020.33491663984,2218.3888888888887,7.394211961063392,104795,23401.32176958159,3219.344897085073,0.0089421196106339,-0.2795170913060876,1.2692759224258643,1.0631891292101294,0.0283864052326896,Ohio
44304,92023.08964229636,947.5,12.355594714540027,41763,5981.500826749263,5388.499173250737,0.0585559471454002,0.968508192621414,-1.0362419928441486,-1.26477772415906,0.4263370432892744,Ohio
44704,70496.90854934952,1195.0,20.341317506088448,31812,4582.299055707719,9757.70094429228,0.1384131750608845,2.977299783494886,-1.4002191595983673,-1.4517656016378149,1.3589372641954958,Ohio
